{
  "assertiveness": {
    "mean_cosine": 0.11331468503922223,
    "mean_abs_cosine": 0.11839555744081735,
    "std_cosine": 0.08015629809134231
  },
  "confidence": {
    "mean_cosine": 0.028181454678997398,
    "mean_abs_cosine": 0.06572803840972483,
    "std_cosine": 0.06892954742651963
  },
  "deference": {
    "mean_cosine": -0.15453440845012664,
    "mean_abs_cosine": 0.15453440845012664,
    "std_cosine": 0.11005322615415161
  },
  "empathy": {
    "mean_cosine": -0.3700466364622116,
    "mean_abs_cosine": 0.3700466364622116,
    "std_cosine": 0.06987211646555044
  },
  "honesty": {
    "mean_cosine": 0.5348204731941223,
    "mean_abs_cosine": 0.5348204731941223,
    "std_cosine": 0.12791476084787012
  },
  "impulsivity": {
    "mean_cosine": -0.3873665124177933,
    "mean_abs_cosine": 0.3873665124177933,
    "std_cosine": 0.07919183669178302
  },
  "risk_taking": {
    "mean_cosine": -0.5011985242366791,
    "mean_abs_cosine": 0.5011985242366791,
    "std_cosine": 0.08836140297315165
  },
  "warmth": {
    "mean_cosine": -0.3542315810918808,
    "mean_abs_cosine": 0.3542315810918808,
    "std_cosine": 0.06896372699520596
  }
}