{
  "assertiveness": {
    "variance_explained": 0.892805487689684,
    "shared_magnitudes": {
      "con_artist": 56.152034759521484,
      "drill_sergeant": 50.224822998046875,
      "farmer": 38.15231704711914,
      "kindergarten_teacher": 55.83097839355469,
      "politician": 57.03274917602539,
      "professor": 48.923431396484375,
      "street_hustler": 51.00092697143555,
      "surgeon": 54.17858123779297,
      "tech_ceo": 58.809391021728516,
      "therapist": 59.84002685546875
    },
    "specific_magnitudes": {
      "con_artist": 13.021195411682129,
      "drill_sergeant": 19.604095458984375,
      "farmer": 14.670941352844238,
      "kindergarten_teacher": 15.900308609008789,
      "politician": 20.378280639648438,
      "professor": 19.115093231201172,
      "street_hustler": 16.117612838745117,
      "surgeon": 14.993758201599121,
      "tech_ceo": 22.910411834716797,
      "therapist": 24.621841430664062
    }
  },
  "confidence": {
    "variance_explained": 0.8673769111196944,
    "shared_magnitudes": {
      "con_artist": 51.50377655029297,
      "drill_sergeant": 35.16303253173828,
      "farmer": 32.054744720458984,
      "kindergarten_teacher": 41.031166076660156,
      "politician": 38.716705322265625,
      "professor": 38.09298324584961,
      "street_hustler": 31.605695724487305,
      "surgeon": 52.157569885253906,
      "tech_ceo": 44.850364685058594,
      "therapist": 49.24583435058594
    },
    "specific_magnitudes": {
      "con_artist": 11.721016883850098,
      "drill_sergeant": 13.834932327270508,
      "farmer": 19.593685150146484,
      "kindergarten_teacher": 15.734184265136719,
      "politician": 16.619367599487305,
      "professor": 18.514070510864258,
      "street_hustler": 14.194122314453125,
      "surgeon": 16.062191009521484,
      "tech_ceo": 15.935256004333496,
      "therapist": 20.363759994506836
    }
  },
  "deference": {
    "variance_explained": 0.833147356435322,
    "shared_magnitudes": {
      "con_artist": 34.769775390625,
      "drill_sergeant": 26.48334503173828,
      "farmer": 20.29749298095703,
      "kindergarten_teacher": 25.667388916015625,
      "politician": 24.24159812927246,
      "professor": 28.36184310913086,
      "street_hustler": 22.41684913635254,
      "surgeon": 36.8443603515625,
      "tech_ceo": 34.74524688720703,
      "therapist": 30.449487686157227
    },
    "specific_magnitudes": {
      "con_artist": 12.911669731140137,
      "drill_sergeant": 11.335200309753418,
      "farmer": 9.738714218139648,
      "kindergarten_teacher": 11.3649320602417,
      "politician": 11.81352710723877,
      "professor": 15.398838996887207,
      "street_hustler": 13.642622947692871,
      "surgeon": 13.610847473144531,
      "tech_ceo": 16.018672943115234,
      "therapist": 12.32475757598877
    }
  },
  "empathy": {
    "variance_explained": 0.8977600617922917,
    "shared_magnitudes": {
      "con_artist": 98.22537231445312,
      "drill_sergeant": 84.07229614257812,
      "farmer": 44.22348403930664,
      "kindergarten_teacher": 116.73381042480469,
      "politician": 56.7663688659668,
      "professor": 54.66738510131836,
      "street_hustler": 56.67991638183594,
      "surgeon": 102.42176818847656,
      "tech_ceo": 127.09723663330078,
      "therapist": 62.03932571411133
    },
    "specific_magnitudes": {
      "con_artist": 22.923931121826172,
      "drill_sergeant": 33.37847137451172,
      "farmer": 33.089599609375,
      "kindergarten_teacher": 26.824560165405273,
      "politician": 25.144847869873047,
      "professor": 24.497549057006836,
      "street_hustler": 21.050556182861328,
      "surgeon": 36.24642562866211,
      "tech_ceo": 37.51862716674805,
      "therapist": 19.314456939697266
    }
  },
  "honesty": {
    "variance_explained": 0.7239035504511698,
    "shared_magnitudes": {
      "con_artist": 15.79842758178711,
      "drill_sergeant": 17.69538116455078,
      "farmer": 17.50090789794922,
      "kindergarten_teacher": 28.87006378173828,
      "politician": 16.653013229370117,
      "professor": 32.34627151489258,
      "street_hustler": 18.47671127319336,
      "surgeon": 38.88312530517578,
      "tech_ceo": 24.509244918823242,
      "therapist": 18.570938110351562
    },
    "specific_magnitudes": {
      "con_artist": 14.298859596252441,
      "drill_sergeant": 11.449508666992188,
      "farmer": 12.343552589416504,
      "kindergarten_teacher": 14.774080276489258,
      "politician": 10.371114730834961,
      "professor": 22.139972686767578,
      "street_hustler": 10.880754470825195,
      "surgeon": 21.063419342041016,
      "tech_ceo": 14.410558700561523,
      "therapist": 12.165153503417969
    }
  },
  "impulsivity": {
    "variance_explained": 0.7332336436972827,
    "shared_magnitudes": {
      "con_artist": 36.08094024658203,
      "drill_sergeant": 33.46593475341797,
      "farmer": 38.10767364501953,
      "kindergarten_teacher": 39.85084533691406,
      "politician": 26.38213348388672,
      "professor": 37.704193115234375,
      "street_hustler": 35.066673278808594,
      "surgeon": 84.26010131835938,
      "tech_ceo": 43.01239013671875,
      "therapist": 32.78715133666992
    },
    "specific_magnitudes": {
      "con_artist": 22.391345977783203,
      "drill_sergeant": 40.847450256347656,
      "farmer": 16.703641891479492,
      "kindergarten_teacher": 14.244762420654297,
      "politician": 11.853163719177246,
      "professor": 22.51412582397461,
      "street_hustler": 16.212501525878906,
      "surgeon": 41.08574676513672,
      "tech_ceo": 26.7091121673584,
      "therapist": 29.813331604003906
    }
  },
  "risk_taking": {
    "variance_explained": 0.7433931285244718,
    "shared_magnitudes": {
      "con_artist": 23.862548828125,
      "drill_sergeant": 22.54153823852539,
      "farmer": 11.357221603393555,
      "kindergarten_teacher": 9.495773315429688,
      "politician": 29.176820755004883,
      "professor": 18.23194694519043,
      "street_hustler": 14.44178581237793,
      "surgeon": 43.00516128540039,
      "tech_ceo": 30.810441970825195,
      "therapist": 14.376171112060547
    },
    "specific_magnitudes": {
      "con_artist": 10.648985862731934,
      "drill_sergeant": 11.40249252319336,
      "farmer": 7.937722682952881,
      "kindergarten_teacher": 12.045424461364746,
      "politician": 18.096216201782227,
      "professor": 7.346734523773193,
      "street_hustler": 7.961427211761475,
      "surgeon": 28.79892349243164,
      "tech_ceo": 13.145386695861816,
      "therapist": 8.189624786376953
    }
  },
  "warmth": {
    "variance_explained": 0.9055931725051425,
    "shared_magnitudes": {
      "con_artist": 105.83344268798828,
      "drill_sergeant": 68.51620483398438,
      "farmer": 29.832063674926758,
      "kindergarten_teacher": 108.47093200683594,
      "politician": 71.04527282714844,
      "professor": 58.38191223144531,
      "street_hustler": 52.94477081298828,
      "surgeon": 116.171875,
      "tech_ceo": 141.1103973388672,
      "therapist": 73.75929260253906
    },
    "specific_magnitudes": {
      "con_artist": 26.43712043762207,
      "drill_sergeant": 30.18829345703125,
      "farmer": 32.53551483154297,
      "kindergarten_teacher": 26.627355575561523,
      "politician": 21.274311065673828,
      "professor": 25.133649826049805,
      "street_hustler": 24.169862747192383,
      "surgeon": 32.64070129394531,
      "tech_ceo": 40.81934356689453,
      "therapist": 20.546480178833008
    }
  }
}