{
  "assertiveness": {
    "pearson_r": 0.10760872510509681,
    "pearson_p": 0.31272009339836865,
    "spearman_rho": 0.07319799836416664,
    "spearman_p": 0.49294590626608503,
    "n_pairs": 90
  },
  "confidence": {
    "pearson_r": 0.19915106260842158,
    "pearson_p": 0.05986318962978725,
    "spearman_rho": 0.11383876473426402,
    "spearman_p": 0.2853624050479137,
    "n_pairs": 90
  },
  "deference": {
    "pearson_r": -0.238915789363999,
    "pearson_p": 0.023340167221750086,
    "spearman_rho": -0.24649366506626355,
    "spearman_p": 0.01917984795304659,
    "n_pairs": 90
  },
  "empathy": {
    "pearson_r": 0.3717866290147215,
    "pearson_p": 0.0003085510818733257,
    "spearman_rho": 0.4090838919053838,
    "spearman_p": 6.246090420289201e-05,
    "n_pairs": 90
  },
  "honesty": {
    "pearson_r": 0.004567486615823166,
    "pearson_p": 0.9659203545503687,
    "spearman_rho": -0.02796068851095757,
    "spearman_p": 0.7936285971632837,
    "n_pairs": 90
  },
  "impulsivity": {
    "pearson_r": 0.13291253201515882,
    "pearson_p": 0.21172270806957624,
    "spearman_rho": 0.12455482177988955,
    "spearman_p": 0.24213187310322837,
    "n_pairs": 90
  },
  "risk_taking": {
    "pearson_r": 0.008684111050769248,
    "pearson_p": 0.9352553702787084,
    "spearman_rho": 0.06863460260317124,
    "spearman_p": 0.5203656201805341,
    "n_pairs": 90
  },
  "warmth": {
    "pearson_r": 0.45758025045618006,
    "pearson_p": 5.780139292217703e-06,
    "spearman_rho": 0.38679172605234596,
    "spearman_p": 0.00016600589601501898,
    "n_pairs": 90
  }
}