{
  "assertiveness": {
    "self_mean": 0.861,
    "cross_mean": 0.8555555555555554,
    "self_std": 0.10765221781273251,
    "cross_std": 0.10990006683964312
  },
  "confidence": {
    "self_mean": 0.8959999999999999,
    "cross_mean": 0.8915555555555557,
    "self_std": 0.04651881339845206,
    "cross_std": 0.06155234648674811
  },
  "deference": {
    "self_mean": 0.484,
    "cross_mean": 0.4537777777777777,
    "self_std": 0.25263412279421005,
    "cross_std": 0.24952211114572048
  },
  "empathy": {
    "self_mean": 0.851,
    "cross_mean": 0.8482222222222222,
    "self_std": 0.09016096716428901,
    "cross_std": 0.07639921142376302
  },
  "honesty": {
    "self_mean": 0.797,
    "cross_mean": 0.7757777777777779,
    "self_std": 0.1320643782403113,
    "cross_std": 0.15184039703859942
  },
  "impulsivity": {
    "self_mean": 0.5650000000000001,
    "cross_mean": 0.5259999999999999,
    "self_std": 0.25780806814372587,
    "cross_std": 0.24317254962040613
  },
  "risk_taking": {
    "self_mean": 0.649,
    "cross_mean": 0.618,
    "self_std": 0.175410946066658,
    "cross_std": 0.16975276139138357
  },
  "warmth": {
    "self_mean": 0.7949999999999999,
    "cross_mean": 0.7872222222222223,
    "self_std": 0.08285529554590947,
    "cross_std": 0.11353930085880472
  }
}