{
  "assertiveness": {
    "mean_cosine": -0.17795428782701492,
    "mean_abs_cosine": 0.17795428782701492,
    "std_cosine": 0.04125113687727952
  },
  "confidence": {
    "mean_cosine": -0.22806167602539062,
    "mean_abs_cosine": 0.22806167602539062,
    "std_cosine": 0.04371723046244455
  },
  "deference": {
    "mean_cosine": 0.13445632681250572,
    "mean_abs_cosine": 0.13445632681250572,
    "std_cosine": 0.07545457968018636
  },
  "empathy": {
    "mean_cosine": -0.11267466023564339,
    "mean_abs_cosine": 0.11267466023564339,
    "std_cosine": 0.024379467759125053
  },
  "honesty": {
    "mean_cosine": 0.3500183761119843,
    "mean_abs_cosine": 0.3500183761119843,
    "std_cosine": 0.05964972888064694
  },
  "impulsivity": {
    "mean_cosine": -0.19004592299461365,
    "mean_abs_cosine": 0.19004592299461365,
    "std_cosine": 0.07117881084819833
  },
  "risk_taking": {
    "mean_cosine": -0.19948578625917435,
    "mean_abs_cosine": 0.19948578625917435,
    "std_cosine": 0.07150846020214163
  },
  "warmth": {
    "mean_cosine": -0.1250978546217084,
    "mean_abs_cosine": 0.1250978546217084,
    "std_cosine": 0.06719217630002786
  }
}