{
  "assertiveness": {
    "variance_explained": 0.8394844534807145,
    "shared_magnitudes": {
      "con_artist": 2067.5244140625,
      "drill_sergeant": 1591.57958984375,
      "farmer": 1631.951904296875,
      "kindergarten_teacher": 1820.3507080078125,
      "politician": 2088.041748046875,
      "professor": 1420.61767578125,
      "street_hustler": 1925.4071044921875,
      "surgeon": 1895.575439453125,
      "tech_ceo": 2145.801513671875,
      "therapist": 1709.93505859375
    },
    "specific_magnitudes": {
      "con_artist": 754.5586547851562,
      "drill_sergeant": 894.92138671875,
      "farmer": 696.9411010742188,
      "kindergarten_teacher": 780.7230834960938,
      "politician": 1029.6446533203125,
      "professor": 685.947265625,
      "street_hustler": 713.6078491210938,
      "surgeon": 641.299072265625,
      "tech_ceo": 829.7076416015625,
      "therapist": 945.6871337890625
    }
  },
  "confidence": {
    "variance_explained": 0.8034707103055819,
    "shared_magnitudes": {
      "con_artist": 1819.10693359375,
      "drill_sergeant": 1136.7774658203125,
      "farmer": 1286.282470703125,
      "kindergarten_teacher": 1302.389404296875,
      "politician": 1172.9859619140625,
      "professor": 1124.2681884765625,
      "street_hustler": 1394.768310546875,
      "surgeon": 1554.277099609375,
      "tech_ceo": 1489.511474609375,
      "therapist": 1449.0963134765625
    },
    "specific_magnitudes": {
      "con_artist": 634.80224609375,
      "drill_sergeant": 725.0320434570312,
      "farmer": 655.289306640625,
      "kindergarten_teacher": 690.220703125,
      "politician": 700.818603515625,
      "professor": 660.2379760742188,
      "street_hustler": 598.4929809570312,
      "surgeon": 579.7732543945312,
      "tech_ceo": 583.526611328125,
      "therapist": 957.8772583007812
    }
  },
  "deference": {
    "variance_explained": 0.7786000724700731,
    "shared_magnitudes": {
      "con_artist": 1223.32470703125,
      "drill_sergeant": 881.1366577148438,
      "farmer": 876.0070190429688,
      "kindergarten_teacher": 837.9231567382812,
      "politician": 828.9380493164062,
      "professor": 786.6094970703125,
      "street_hustler": 918.0570678710938,
      "surgeon": 978.7783813476562,
      "tech_ceo": 1272.619873046875,
      "therapist": 905.2315063476562
    },
    "specific_magnitudes": {
      "con_artist": 682.487060546875,
      "drill_sergeant": 575.5926513671875,
      "farmer": 417.182373046875,
      "kindergarten_teacher": 499.97198486328125,
      "politician": 484.834716796875,
      "professor": 416.4761657714844,
      "street_hustler": 432.8211669921875,
      "surgeon": 415.716552734375,
      "tech_ceo": 616.7609252929688,
      "therapist": 520.5510864257812
    }
  },
  "empathy": {
    "variance_explained": 0.8270673398686365,
    "shared_magnitudes": {
      "con_artist": 2567.04443359375,
      "drill_sergeant": 2174.667236328125,
      "farmer": 1722.774658203125,
      "kindergarten_teacher": 3018.80712890625,
      "politician": 1525.663818359375,
      "professor": 1676.986572265625,
      "street_hustler": 1978.3670654296875,
      "surgeon": 2448.55517578125,
      "tech_ceo": 2864.92041015625,
      "therapist": 2186.9990234375
    },
    "specific_magnitudes": {
      "con_artist": 755.2178955078125,
      "drill_sergeant": 1463.29541015625,
      "farmer": 913.4606323242188,
      "kindergarten_teacher": 1244.447998046875,
      "politician": 912.693603515625,
      "professor": 857.2586059570312,
      "street_hustler": 994.7794799804688,
      "surgeon": 996.9122314453125,
      "tech_ceo": 1083.7889404296875,
      "therapist": 967.0126953125
    }
  },
  "honesty": {
    "variance_explained": 0.8181683760566346,
    "shared_magnitudes": {
      "con_artist": 1258.00048828125,
      "drill_sergeant": 837.529052734375,
      "farmer": 1058.77197265625,
      "kindergarten_teacher": 1327.909912109375,
      "politician": 821.8413696289062,
      "professor": 1403.635009765625,
      "street_hustler": 1138.746826171875,
      "surgeon": 1781.501708984375,
      "tech_ceo": 1147.1024169921875,
      "therapist": 1201.7589111328125
    },
    "specific_magnitudes": {
      "con_artist": 504.5673828125,
      "drill_sergeant": 440.0732727050781,
      "farmer": 484.2813415527344,
      "kindergarten_teacher": 698.6602172851562,
      "politician": 446.12322998046875,
      "professor": 656.8538208007812,
      "street_hustler": 461.55731201171875,
      "surgeon": 820.1259155273438,
      "tech_ceo": 511.3426513671875,
      "therapist": 628.518310546875
    }
  },
  "impulsivity": {
    "variance_explained": 0.6817225127974268,
    "shared_magnitudes": {
      "con_artist": 1119.6080322265625,
      "drill_sergeant": 847.7933349609375,
      "farmer": 995.1536254882812,
      "kindergarten_teacher": 957.9764404296875,
      "politician": 654.54541015625,
      "professor": 944.73046875,
      "street_hustler": 981.700927734375,
      "surgeon": 1773.2783203125,
      "tech_ceo": 1302.3175048828125,
      "therapist": 854.6729736328125
    },
    "specific_magnitudes": {
      "con_artist": 779.8736572265625,
      "drill_sergeant": 855.43896484375,
      "farmer": 536.4194946289062,
      "kindergarten_teacher": 624.3650512695312,
      "politician": 460.9031982421875,
      "professor": 635.269775390625,
      "street_hustler": 448.4151306152344,
      "surgeon": 1196.364990234375,
      "tech_ceo": 740.8543090820312,
      "therapist": 815.129638671875
    }
  },
  "risk_taking": {
    "variance_explained": 0.7281947044201192,
    "shared_magnitudes": {
      "con_artist": 1268.301513671875,
      "drill_sergeant": 992.5091552734375,
      "farmer": 776.986572265625,
      "kindergarten_teacher": 853.6072998046875,
      "politician": 1376.5311279296875,
      "professor": 632.66650390625,
      "street_hustler": 1018.45068359375,
      "surgeon": 802.644287109375,
      "tech_ceo": 1204.2364501953125,
      "therapist": 748.7277221679688
    },
    "specific_magnitudes": {
      "con_artist": 614.3421020507812,
      "drill_sergeant": 651.1607666015625,
      "farmer": 443.226806640625,
      "kindergarten_teacher": 529.529296875,
      "politician": 813.38330078125,
      "professor": 381.5838623046875,
      "street_hustler": 451.2658996582031,
      "surgeon": 778.8644409179688,
      "tech_ceo": 778.7898559570312,
      "therapist": 444.9753112792969
    }
  },
  "warmth": {
    "variance_explained": 0.8105081603041636,
    "shared_magnitudes": {
      "con_artist": 2508.128662109375,
      "drill_sergeant": 2026.5546875,
      "farmer": 1367.353759765625,
      "kindergarten_teacher": 2658.2197265625,
      "politician": 1620.489501953125,
      "professor": 1407.60205078125,
      "street_hustler": 1886.01953125,
      "surgeon": 2461.73974609375,
      "tech_ceo": 2844.923828125,
      "therapist": 1964.6055908203125
    },
    "specific_magnitudes": {
      "con_artist": 850.427734375,
      "drill_sergeant": 1515.0343017578125,
      "farmer": 926.4231567382812,
      "kindergarten_teacher": 1308.201171875,
      "politician": 805.1517333984375,
      "professor": 704.9146728515625,
      "street_hustler": 963.3251953125,
      "surgeon": 901.13818359375,
      "tech_ceo": 1152.64501953125,
      "therapist": 915.5636596679688
    }
  }
}