{
  "assertiveness": {
    "per_persona_cosine": {
      "con_artist": -0.2003040760755539,
      "drill_sergeant": 0.13940350711345673,
      "farmer": 0.0157757680863142,
      "kindergarten_teacher": 0.12200013548135757,
      "politician": -0.0837831199169159,
      "professor": -0.06550940871238708,
      "street_hustler": 0.049925584346055984,
      "surgeon": 0.08124987035989761,
      "tech_ceo": -0.15767709910869598,
      "therapist": 0.0684245228767395
    },
    "mean_abs_cosine": 0.09840530920773745
  },
  "confidence": {
    "per_persona_cosine": {
      "con_artist": -0.19110648334026337,
      "drill_sergeant": 0.21411532163619995,
      "farmer": 0.0442858561873436,
      "kindergarten_teacher": -0.021701298654079437,
      "politician": 0.04513295367360115,
      "professor": -0.16349826753139496,
      "street_hustler": 0.15255644917488098,
      "surgeon": -0.027053965255618095,
      "tech_ceo": 0.03152066469192505,
      "therapist": -0.09504646062850952
    },
    "mean_abs_cosine": 0.0986017720773816
  },
  "deference": {
    "per_persona_cosine": {
      "con_artist": 0.25266990065574646,
      "drill_sergeant": -0.11559585481882095,
      "farmer": 0.021786637604236603,
      "kindergarten_teacher": -0.2347060889005661,
      "politician": 0.015063336119055748,
      "professor": 0.08504986017942429,
      "street_hustler": -0.15593576431274414,
      "surgeon": -0.03863474726676941,
      "tech_ceo": 0.31477364897727966,
      "therapist": -0.13771525025367737
    },
    "mean_abs_cosine": 0.13719310890883207
  },
  "empathy": {
    "per_persona_cosine": {
      "con_artist": -0.10915175825357437,
      "drill_sergeant": -0.1411038339138031,
      "farmer": -0.044666096568107605,
      "kindergarten_teacher": -0.04031228646636009,
      "politician": 0.04043886065483093,
      "professor": 0.07126664370298386,
      "street_hustler": -0.009723210707306862,
      "surgeon": 0.14629359543323517,
      "tech_ceo": 0.006758224684745073,
      "therapist": 0.10166353732347488
    },
    "mean_abs_cosine": 0.0711378047708422
  },
  "honesty": {
    "per_persona_cosine": {
      "con_artist": 0.08927837759256363,
      "drill_sergeant": -0.0961265116930008,
      "farmer": -0.03152775764465332,
      "kindergarten_teacher": 0.09400530904531479,
      "politician": -0.07055483758449554,
      "professor": 0.10736765712499619,
      "street_hustler": -0.31111207604408264,
      "surgeon": 0.1928008794784546,
      "tech_ceo": -0.1841413676738739,
      "therapist": 0.16385404765605927
    },
    "mean_abs_cosine": 0.13407688215374947
  },
  "impulsivity": {
    "per_persona_cosine": {
      "con_artist": -0.08101241290569305,
      "drill_sergeant": 0.247396320104599,
      "farmer": 0.1507336050271988,
      "kindergarten_teacher": -0.13644859194755554,
      "politician": 0.15102212131023407,
      "professor": -0.15322986245155334,
      "street_hustler": -0.005678100977092981,
      "surgeon": -0.051726892590522766,
      "tech_ceo": -0.043328460305929184,
      "therapist": -0.0911129042506218
    },
    "mean_abs_cosine": 0.11116892718710006
  },
  "risk_taking": {
    "per_persona_cosine": {
      "con_artist": -0.10192574560642242,
      "drill_sergeant": 0.06598199903964996,
      "farmer": 0.05649707093834877,
      "kindergarten_teacher": 0.17091017961502075,
      "politician": 0.22918544709682465,
      "professor": -0.007151660043746233,
      "street_hustler": 0.10944151878356934,
      "surgeon": -0.1896548569202423,
      "tech_ceo": -0.1337805688381195,
      "therapist": -0.08183522522449493
    },
    "mean_abs_cosine": 0.11463642721064389
  },
  "warmth": {
    "per_persona_cosine": {
      "con_artist": -0.24150395393371582,
      "drill_sergeant": 0.05105220898985863,
      "farmer": 0.045027412474155426,
      "kindergarten_teacher": -0.2538306713104248,
      "politician": -0.03311321139335632,
      "professor": -0.009858875535428524,
      "street_hustler": 0.1704322248697281,
      "surgeon": 0.0486716665327549,
      "tech_ceo": 0.06920362263917923,
      "therapist": 0.06573173403739929
    },
    "mean_abs_cosine": 0.0988425581716001
  }
}