{
  "assertiveness": {
    "variance_explained": 0.9542574021041713,
    "shared_magnitudes": {
      "con_artist": 587.4973754882812,
      "drill_sergeant": 485.3253173828125,
      "farmer": 456.86572265625,
      "kindergarten_teacher": 595.3646850585938,
      "politician": 646.10595703125,
      "professor": 622.3284301757812,
      "street_hustler": 491.66583251953125,
      "surgeon": 610.9530029296875,
      "tech_ceo": 692.7401123046875,
      "therapist": 647.586669921875
    },
    "specific_magnitudes": {
      "con_artist": 99.5079116821289,
      "drill_sergeant": 136.37417602539062,
      "farmer": 114.21611022949219,
      "kindergarten_teacher": 107.10189056396484,
      "politician": 196.89852905273438,
      "professor": 113.94953155517578,
      "street_hustler": 101.53069305419922,
      "surgeon": 110.02108001708984,
      "tech_ceo": 114.90675354003906,
      "therapist": 160.0274658203125
    }
  },
  "confidence": {
    "variance_explained": 0.9043372924043047,
    "shared_magnitudes": {
      "con_artist": 482.40789794921875,
      "drill_sergeant": 262.414306640625,
      "farmer": 338.62005615234375,
      "kindergarten_teacher": 359.3588562011719,
      "politician": 308.336181640625,
      "professor": 348.8517761230469,
      "street_hustler": 323.69598388671875,
      "surgeon": 418.537841796875,
      "tech_ceo": 419.7183837890625,
      "therapist": 504.71978759765625
    },
    "specific_magnitudes": {
      "con_artist": 104.91007232666016,
      "drill_sergeant": 113.86451721191406,
      "farmer": 100.08222961425781,
      "kindergarten_teacher": 137.58187866210938,
      "politician": 141.17669677734375,
      "professor": 108.46233367919922,
      "street_hustler": 64.5113754272461,
      "surgeon": 94.89070892333984,
      "tech_ceo": 81.99273681640625,
      "therapist": 226.534423828125
    }
  },
  "deference": {
    "variance_explained": 0.8774729603405854,
    "shared_magnitudes": {
      "con_artist": 205.109130859375,
      "drill_sergeant": 210.28868103027344,
      "farmer": 227.56427001953125,
      "kindergarten_teacher": 218.1772918701172,
      "politician": 165.04632568359375,
      "professor": 275.2018737792969,
      "street_hustler": 221.44845581054688,
      "surgeon": 265.352783203125,
      "tech_ceo": 335.6797790527344,
      "therapist": 270.31524658203125
    },
    "specific_magnitudes": {
      "con_artist": 101.78173828125,
      "drill_sergeant": 64.82308959960938,
      "farmer": 70.79905700683594,
      "kindergarten_teacher": 111.11015319824219,
      "politician": 101.20403289794922,
      "professor": 91.24596405029297,
      "street_hustler": 63.061153411865234,
      "surgeon": 77.15641021728516,
      "tech_ceo": 106.29692077636719,
      "therapist": 105.865966796875
    }
  },
  "empathy": {
    "variance_explained": 0.7677892955182583,
    "shared_magnitudes": {
      "con_artist": 440.72760009765625,
      "drill_sergeant": 283.17132568359375,
      "farmer": 284.4912109375,
      "kindergarten_teacher": 566.2818603515625,
      "politician": 285.7269592285156,
      "professor": 269.08746337890625,
      "street_hustler": 281.36328125,
      "surgeon": 445.5147399902344,
      "tech_ceo": 510.1621398925781,
      "therapist": 309.81884765625
    },
    "specific_magnitudes": {
      "con_artist": 134.6904754638672,
      "drill_sergeant": 393.04052734375,
      "farmer": 189.36082458496094,
      "kindergarten_teacher": 193.44277954101562,
      "politician": 174.6556854248047,
      "professor": 217.57273864746094,
      "street_hustler": 156.4114227294922,
      "surgeon": 215.15020751953125,
      "tech_ceo": 189.2108917236328,
      "therapist": 111.67440032958984
    }
  },
  "honesty": {
    "variance_explained": 0.923077802503964,
    "shared_magnitudes": {
      "con_artist": 383.18011474609375,
      "drill_sergeant": 203.58224487304688,
      "farmer": 308.892578125,
      "kindergarten_teacher": 345.3046875,
      "politician": 282.26031494140625,
      "professor": 399.6380310058594,
      "street_hustler": 275.1575927734375,
      "surgeon": 410.8134765625,
      "tech_ceo": 294.181396484375,
      "therapist": 317.759033203125
    },
    "specific_magnitudes": {
      "con_artist": 108.39738464355469,
      "drill_sergeant": 70.71331787109375,
      "farmer": 80.90632629394531,
      "kindergarten_teacher": 87.09471893310547,
      "politician": 93.08512878417969,
      "professor": 91.56531524658203,
      "street_hustler": 56.000823974609375,
      "surgeon": 151.9368133544922,
      "tech_ceo": 72.78050231933594,
      "therapist": 100.37731170654297
    }
  },
  "impulsivity": {
    "variance_explained": 0.8039532753114446,
    "shared_magnitudes": {
      "con_artist": 216.3446502685547,
      "drill_sergeant": 267.84600830078125,
      "farmer": 288.246337890625,
      "kindergarten_teacher": 265.72979736328125,
      "politician": 182.8359375,
      "professor": 204.76095581054688,
      "street_hustler": 261.48223876953125,
      "surgeon": 505.3155517578125,
      "tech_ceo": 353.92071533203125,
      "therapist": 221.0677490234375
    },
    "specific_magnitudes": {
      "con_artist": 157.73553466796875,
      "drill_sergeant": 164.4434814453125,
      "farmer": 86.64337158203125,
      "kindergarten_teacher": 118.23297119140625,
      "politician": 87.92141723632812,
      "professor": 129.25360107421875,
      "street_hustler": 92.014404296875,
      "surgeon": 220.69305419921875,
      "tech_ceo": 155.2038116455078,
      "therapist": 164.50021362304688
    }
  },
  "risk_taking": {
    "variance_explained": 0.638707728263021,
    "shared_magnitudes": {
      "con_artist": 174.24591064453125,
      "drill_sergeant": 153.41403198242188,
      "farmer": 119.30909729003906,
      "kindergarten_teacher": 123.36674499511719,
      "politician": 163.20318603515625,
      "professor": 115.64129638671875,
      "street_hustler": 148.95803833007812,
      "surgeon": 192.39422607421875,
      "tech_ceo": 150.36778259277344,
      "therapist": 113.52828216552734
    },
    "specific_magnitudes": {
      "con_artist": 96.83446502685547,
      "drill_sergeant": 71.1067123413086,
      "farmer": 58.07710647583008,
      "kindergarten_teacher": 80.98246765136719,
      "politician": 103.38407897949219,
      "professor": 83.77708435058594,
      "street_hustler": 52.28388977050781,
      "surgeon": 169.57647705078125,
      "tech_ceo": 215.39773559570312,
      "therapist": 58.24757766723633
    }
  },
  "warmth": {
    "variance_explained": 0.824843257248043,
    "shared_magnitudes": {
      "con_artist": 469.1075134277344,
      "drill_sergeant": 256.01513671875,
      "farmer": 261.01031494140625,
      "kindergarten_teacher": 540.8651123046875,
      "politician": 373.12261962890625,
      "professor": 278.112548828125,
      "street_hustler": 302.37908935546875,
      "surgeon": 491.4586486816406,
      "tech_ceo": 529.5604858398438,
      "therapist": 396.71063232421875
    },
    "specific_magnitudes": {
      "con_artist": 155.56698608398438,
      "drill_sergeant": 316.96270751953125,
      "farmer": 184.1255340576172,
      "kindergarten_teacher": 182.45700073242188,
      "politician": 136.8685760498047,
      "professor": 151.09445190429688,
      "street_hustler": 129.34153747558594,
      "surgeon": 171.0636444091797,
      "tech_ceo": 183.11184692382812,
      "therapist": 184.2728729248047
    }
  }
}