{
  "assertiveness": {
    "per_persona_cosine": {
      "con_artist": -0.49075010418891907,
      "drill_sergeant": 0.3952350616455078,
      "farmer": -0.37252557277679443,
      "kindergarten_teacher": 0.3914477825164795,
      "politician": -0.3299461901187897,
      "professor": -0.05191486328840256,
      "street_hustler": 0.24840717017650604,
      "surgeon": 0.22502362728118896,
      "tech_ceo": -0.2175731211900711,
      "therapist": 0.196325421333313
    },
    "mean_abs_cosine": 0.2919148914515972
  },
  "confidence": {
    "per_persona_cosine": {
      "con_artist": -0.5299811363220215,
      "drill_sergeant": 0.40979933738708496,
      "farmer": -0.04428214579820633,
      "kindergarten_teacher": 0.008565339259803295,
      "politician": 0.04506608843803406,
      "professor": -0.34222733974456787,
      "street_hustler": 0.17006732523441315,
      "surgeon": 0.1333901286125183,
      "tech_ceo": 0.22213275730609894,
      "therapist": -0.1550481617450714
    },
    "mean_abs_cosine": 0.20605597598478198
  },
  "deference": {
    "per_persona_cosine": {
      "con_artist": -0.04380102455615997,
      "drill_sergeant": -0.11367696523666382,
      "farmer": 0.4095080494880676,
      "kindergarten_teacher": -0.13059675693511963,
      "politician": -0.02677740529179573,
      "professor": 0.037845924496650696,
      "street_hustler": -0.26873525977134705,
      "surgeon": -0.02522086910903454,
      "tech_ceo": 0.43364399671554565,
      "therapist": -0.15798594057559967
    },
    "mean_abs_cosine": 0.16477921921759844
  },
  "empathy": {
    "per_persona_cosine": {
      "con_artist": -0.19363217055797577,
      "drill_sergeant": -0.28420713543891907,
      "farmer": -0.0323190912604332,
      "kindergarten_teacher": 0.08400782197713852,
      "politician": 0.041272155940532684,
      "professor": 0.3562167286872864,
      "street_hustler": -0.19344933331012726,
      "surgeon": 0.388041615486145,
      "tech_ceo": 0.08611369132995605,
      "therapist": -0.21309560537338257
    },
    "mean_abs_cosine": 0.18723553493618966
  },
  "honesty": {
    "per_persona_cosine": {
      "con_artist": 0.4625157117843628,
      "drill_sergeant": 0.021040532737970352,
      "farmer": -0.06020320579409599,
      "kindergarten_teacher": -0.003742594039067626,
      "politician": -0.29705506563186646,
      "professor": 0.07940110564231873,
      "street_hustler": -0.11568896472454071,
      "surgeon": 0.12659908831119537,
      "tech_ceo": -0.3786756098270416,
      "therapist": 0.0955013707280159
    },
    "mean_abs_cosine": 0.16404232492204757
  },
  "impulsivity": {
    "per_persona_cosine": {
      "con_artist": -0.4856598973274231,
      "drill_sergeant": 0.38902318477630615,
      "farmer": 0.4400891661643982,
      "kindergarten_teacher": -0.027706440538167953,
      "politician": 0.5156747698783875,
      "professor": -0.006595097482204437,
      "street_hustler": -0.2590928077697754,
      "surgeon": -0.04833690822124481,
      "tech_ceo": -0.12470754981040955,
      "therapist": -0.16310565173625946
    },
    "mean_abs_cosine": 0.24599914737045764
  },
  "risk_taking": {
    "per_persona_cosine": {
      "con_artist": -0.2773158550262451,
      "drill_sergeant": -0.19803236424922943,
      "farmer": 0.0861707329750061,
      "kindergarten_teacher": 0.36459580063819885,
      "politician": 0.21890489757061005,
      "professor": 0.21496917307376862,
      "street_hustler": 0.021400604397058487,
      "surgeon": -0.08312970399856567,
      "tech_ceo": -0.2753436863422394,
      "therapist": 0.02318866178393364
    },
    "mean_abs_cosine": 0.17630514800548552
  },
  "warmth": {
    "per_persona_cosine": {
      "con_artist": -0.3732185661792755,
      "drill_sergeant": -0.15842163562774658,
      "farmer": 0.15313422679901123,
      "kindergarten_teacher": -0.3279714584350586,
      "politician": -0.21481962502002716,
      "professor": 0.29624247550964355,
      "street_hustler": 0.10849170386791229,
      "surgeon": 0.16837842762470245,
      "tech_ceo": 0.06222224980592728,
      "therapist": 0.16969142854213715
    },
    "mean_abs_cosine": 0.20325917974114419
  }
}