{
  "assertiveness": {
    "variance_explained": 0.8201240648129476,
    "shared_magnitudes": {
      "con_artist": 2441.854248046875,
      "drill_sergeant": 1852.133544921875,
      "farmer": 1883.0638427734375,
      "kindergarten_teacher": 2119.304443359375,
      "politician": 2428.026611328125,
      "professor": 1586.548828125,
      "street_hustler": 2305.751953125,
      "surgeon": 2193.492919921875,
      "tech_ceo": 2493.74951171875,
      "therapist": 1985.203369140625
    },
    "specific_magnitudes": {
      "con_artist": 912.4647827148438,
      "drill_sergeant": 1131.278076171875,
      "farmer": 968.7951049804688,
      "kindergarten_teacher": 1014.2728881835938,
      "politician": 1218.8587646484375,
      "professor": 825.9608154296875,
      "street_hustler": 933.3728637695312,
      "surgeon": 799.2224731445312,
      "tech_ceo": 1044.7750244140625,
      "therapist": 1126.3773193359375
    }
  },
  "confidence": {
    "variance_explained": 0.7879095935987225,
    "shared_magnitudes": {
      "con_artist": 2144.591796875,
      "drill_sergeant": 1383.6502685546875,
      "farmer": 1439.428466796875,
      "kindergarten_teacher": 1510.57080078125,
      "politician": 1416.9393310546875,
      "professor": 1259.9910888671875,
      "street_hustler": 1639.4658203125,
      "surgeon": 1801.6982421875,
      "tech_ceo": 1748.9560546875,
      "therapist": 1691.409423828125
    },
    "specific_magnitudes": {
      "con_artist": 787.1884765625,
      "drill_sergeant": 915.1539306640625,
      "farmer": 860.8621215820312,
      "kindergarten_teacher": 828.099609375,
      "politician": 827.2155151367188,
      "professor": 805.5668334960938,
      "street_hustler": 790.9277954101562,
      "surgeon": 717.56640625,
      "tech_ceo": 740.6982421875,
      "therapist": 1085.16259765625
    }
  },
  "deference": {
    "variance_explained": 0.7584657810601099,
    "shared_magnitudes": {
      "con_artist": 1498.374755859375,
      "drill_sergeant": 1070.3955078125,
      "farmer": 973.3634033203125,
      "kindergarten_teacher": 927.83349609375,
      "politician": 1011.1846923828125,
      "professor": 886.20263671875,
      "street_hustler": 1078.367431640625,
      "surgeon": 1161.52880859375,
      "tech_ceo": 1510.09521484375,
      "therapist": 1023.9683837890625
    },
    "specific_magnitudes": {
      "con_artist": 851.5676879882812,
      "drill_sergeant": 735.2134399414062,
      "farmer": 590.8544311523438,
      "kindergarten_teacher": 584.4428100585938,
      "politician": 579.2250366210938,
      "professor": 480.561767578125,
      "street_hustler": 597.8384399414062,
      "surgeon": 517.2463989257812,
      "tech_ceo": 764.1847534179688,
      "therapist": 599.7405395507812
    }
  },
  "empathy": {
    "variance_explained": 0.8138695103652419,
    "shared_magnitudes": {
      "con_artist": 3239.5224609375,
      "drill_sergeant": 2694.57275390625,
      "farmer": 2171.05224609375,
      "kindergarten_teacher": 3987.3837890625,
      "politician": 1967.499267578125,
      "professor": 2006.29296875,
      "street_hustler": 2563.18408203125,
      "surgeon": 2952.0537109375,
      "tech_ceo": 3442.588134765625,
      "therapist": 2741.42333984375
    },
    "specific_magnitudes": {
      "con_artist": 958.041259765625,
      "drill_sergeant": 1830.553466796875,
      "farmer": 1250.8619384765625,
      "kindergarten_teacher": 1714.7945556640625,
      "politician": 1105.740966796875,
      "professor": 1103.1676025390625,
      "street_hustler": 1370.9776611328125,
      "surgeon": 1291.696533203125,
      "tech_ceo": 1546.4285888671875,
      "therapist": 1162.824462890625
    }
  },
  "honesty": {
    "variance_explained": 0.7736215371821822,
    "shared_magnitudes": {
      "con_artist": 1322.3709716796875,
      "drill_sergeant": 917.6558837890625,
      "farmer": 1126.24169921875,
      "kindergarten_teacher": 1351.77197265625,
      "politician": 871.30810546875,
      "professor": 1468.8336181640625,
      "street_hustler": 1244.093505859375,
      "surgeon": 1934.02294921875,
      "tech_ceo": 1254.717041015625,
      "therapist": 1262.471435546875
    },
    "specific_magnitudes": {
      "con_artist": 598.8416137695312,
      "drill_sergeant": 540.32666015625,
      "farmer": 609.9727172851562,
      "kindergarten_teacher": 880.8762817382812,
      "politician": 522.9774780273438,
      "professor": 823.3720092773438,
      "street_hustler": 591.8383178710938,
      "surgeon": 1010.735595703125,
      "tech_ceo": 616.6305541992188,
      "therapist": 699.9025268554688
    }
  },
  "impulsivity": {
    "variance_explained": 0.6079084079269057,
    "shared_magnitudes": {
      "con_artist": 1196.68798828125,
      "drill_sergeant": 909.3204956054688,
      "farmer": 1033.6495361328125,
      "kindergarten_teacher": 1061.0628662109375,
      "politician": 761.496337890625,
      "professor": 1016.7141723632812,
      "street_hustler": 1017.223876953125,
      "surgeon": 1901.86865234375,
      "tech_ceo": 1310.44775390625,
      "therapist": 959.0401611328125
    },
    "specific_magnitudes": {
      "con_artist": 943.558837890625,
      "drill_sergeant": 1084.4412841796875,
      "farmer": 692.7600708007812,
      "kindergarten_teacher": 929.9208374023438,
      "politician": 582.3369750976562,
      "professor": 834.77734375,
      "street_hustler": 567.5984497070312,
      "surgeon": 1433.483154296875,
      "tech_ceo": 947.4871215820312,
      "therapist": 944.708740234375
    }
  },
  "risk_taking": {
    "variance_explained": 0.7095993066703248,
    "shared_magnitudes": {
      "con_artist": 1534.604248046875,
      "drill_sergeant": 1172.709716796875,
      "farmer": 885.4127807617188,
      "kindergarten_teacher": 1014.9960327148438,
      "politician": 1658.3623046875,
      "professor": 749.0093994140625,
      "street_hustler": 1173.5771484375,
      "surgeon": 967.7979125976562,
      "tech_ceo": 1403.389892578125,
      "therapist": 937.1333618164062
    },
    "specific_magnitudes": {
      "con_artist": 729.9868774414062,
      "drill_sergeant": 853.5576782226562,
      "farmer": 548.433349609375,
      "kindergarten_teacher": 706.5711059570312,
      "politician": 1030.3267822265625,
      "professor": 480.1756286621094,
      "street_hustler": 586.5745239257812,
      "surgeon": 954.9952392578125,
      "tech_ceo": 900.6762084960938,
      "therapist": 561.7849731445312
    }
  },
  "warmth": {
    "variance_explained": 0.8002531114937913,
    "shared_magnitudes": {
      "con_artist": 3223.7626953125,
      "drill_sergeant": 2580.50830078125,
      "farmer": 1680.1812744140625,
      "kindergarten_teacher": 3574.73095703125,
      "politician": 2097.1220703125,
      "professor": 1737.7222900390625,
      "street_hustler": 2497.286865234375,
      "surgeon": 3043.300048828125,
      "tech_ceo": 3542.9365234375,
      "therapist": 2467.60888671875
    },
    "specific_magnitudes": {
      "con_artist": 1106.987548828125,
      "drill_sergeant": 1808.462646484375,
      "farmer": 1254.9395751953125,
      "kindergarten_teacher": 1801.071044921875,
      "politician": 1033.6304931640625,
      "professor": 940.3276977539062,
      "street_hustler": 1338.7843017578125,
      "surgeon": 1268.896484375,
      "tech_ceo": 1640.92333984375,
      "therapist": 1077.478515625
    }
  }
}