{
  "traits": [
    "assertiveness",
    "empathy",
    "risk_taking",
    "honesty",
    "confidence",
    "deference",
    "warmth",
    "impulsivity"
  ],
  "spread_1_minus_mean_cos": [
    0.3061718553304672,
    0.3185216903686523,
    0.23110641241073604,
    0.2523639172315597,
    0.28153956234455113,
    0.3123378023505211,
    0.3592187680304051,
    0.2881472110748291
  ],
  "classifier_accuracy": [
    0.6229166666666667,
    0.3416666666666667,
    0.6416666666666667,
    0.55625,
    0.5770833333333333,
    0.5979166666666667,
    0.40208333333333335,
    0.6020833333333333
  ],
  "spearman_rho": -0.5714285714285715,
  "spearman_p": 0.1389599571607067,
  "pearson_r": -0.6396417572673974,
  "pearson_p": 0.08764900116856383
}