{
  "caa": {
    "r": -0.064395006886067,
    "p_perm": 0.5679,
    "slope": -0.040207942957630964,
    "intercept": 0.7905943539314373,
    "n": 80
  },
  "iv": {
    "r": -0.43659626662808526,
    "p_perm": 0.0007,
    "slope": -0.07779987606893123,
    "intercept": 1.0040362609194387,
    "n": 80
  }
}