{
  "n_main": 320,
  "pearson_r": -0.17165440365777668,
  "perm_p": 0.0012,
  "slope": -0.10676388525142144,
  "intercept": -0.07047444914454166,
  "n_controls": 72
}