{
  "assertiveness": {
    "mean_cosine": -0.13829069212079048,
    "mean_abs_cosine": 0.13829069212079048,
    "std_cosine": 0.04148325302273256
  },
  "confidence": {
    "mean_cosine": -0.14761114083230495,
    "mean_abs_cosine": 0.14761114083230495,
    "std_cosine": 0.048390385180204616
  },
  "deference": {
    "mean_cosine": 0.1356772942468524,
    "mean_abs_cosine": 0.1356772942468524,
    "std_cosine": 0.06742603886496541
  },
  "empathy": {
    "mean_cosine": -0.21225797683000563,
    "mean_abs_cosine": 0.21225797683000563,
    "std_cosine": 0.07240434082459335
  },
  "honesty": {
    "mean_cosine": 0.4559341311454773,
    "mean_abs_cosine": 0.4559341311454773,
    "std_cosine": 0.05877524451976344
  },
  "impulsivity": {
    "mean_cosine": -0.21132860109210014,
    "mean_abs_cosine": 0.21132860109210014,
    "std_cosine": 0.05497138237268849
  },
  "risk_taking": {
    "mean_cosine": -0.33756913989782333,
    "mean_abs_cosine": 0.33756913989782333,
    "std_cosine": 0.10914969476234102
  },
  "warmth": {
    "mean_cosine": -0.17407646402716637,
    "mean_abs_cosine": 0.17407646402716637,
    "std_cosine": 0.06160304531094868
  }
}