{
  "assertiveness": {
    "variance_explained": 0.9403908566086943,
    "shared_magnitudes": {
      "con_artist": 210.3727569580078,
      "drill_sergeant": 151.67315673828125,
      "farmer": 144.07302856445312,
      "kindergarten_teacher": 200.82369995117188,
      "politician": 222.8868865966797,
      "professor": 201.00950622558594,
      "street_hustler": 160.35842895507812,
      "surgeon": 189.22946166992188,
      "tech_ceo": 218.46539306640625,
      "therapist": 221.29005432128906
    },
    "specific_magnitudes": {
      "con_artist": 34.439735412597656,
      "drill_sergeant": 53.72428894042969,
      "farmer": 39.56028747558594,
      "kindergarten_teacher": 41.77253341674805,
      "politician": 58.93868637084961,
      "professor": 52.7132682800293,
      "street_hustler": 45.94453430175781,
      "surgeon": 35.72722244262695,
      "tech_ceo": 49.10268020629883,
      "therapist": 66.64775848388672
    }
  },
  "confidence": {
    "variance_explained": 0.8815233707000792,
    "shared_magnitudes": {
      "con_artist": 179.8491668701172,
      "drill_sergeant": 88.767333984375,
      "farmer": 105.08152770996094,
      "kindergarten_teacher": 131.9569549560547,
      "politician": 122.79676818847656,
      "professor": 123.69419860839844,
      "street_hustler": 102.02859497070312,
      "surgeon": 148.2285614013672,
      "tech_ceo": 148.2176513671875,
      "therapist": 168.27252197265625
    },
    "specific_magnitudes": {
      "con_artist": 43.64028549194336,
      "drill_sergeant": 50.04837417602539,
      "farmer": 51.62882614135742,
      "kindergarten_teacher": 53.36547088623047,
      "politician": 41.44355392456055,
      "professor": 45.45503234863281,
      "street_hustler": 32.54903030395508,
      "surgeon": 41.2633056640625,
      "tech_ceo": 31.233121871948242,
      "therapist": 83.54533386230469
    }
  },
  "deference": {
    "variance_explained": 0.8991252216358125,
    "shared_magnitudes": {
      "con_artist": 116.32876586914062,
      "drill_sergeant": 85.61856079101562,
      "farmer": 77.30177307128906,
      "kindergarten_teacher": 106.22209930419922,
      "politician": 72.9833984375,
      "professor": 106.04255676269531,
      "street_hustler": 71.30156707763672,
      "surgeon": 113.96885681152344,
      "tech_ceo": 130.2517547607422,
      "therapist": 115.07855224609375
    },
    "specific_magnitudes": {
      "con_artist": 37.8515625,
      "drill_sergeant": 27.992036819458008,
      "farmer": 22.775367736816406,
      "kindergarten_teacher": 39.321205139160156,
      "politician": 31.001922607421875,
      "professor": 33.24476623535156,
      "street_hustler": 28.43285369873047,
      "surgeon": 36.18891906738281,
      "tech_ceo": 39.71329879760742,
      "therapist": 38.862213134765625
    }
  },
  "empathy": {
    "variance_explained": 0.7616604401104723,
    "shared_magnitudes": {
      "con_artist": 179.88229370117188,
      "drill_sergeant": 157.78456115722656,
      "farmer": 105.02516174316406,
      "kindergarten_teacher": 218.0210418701172,
      "politician": 110.91780853271484,
      "professor": 100.91575622558594,
      "street_hustler": 113.49947357177734,
      "surgeon": 194.12677001953125,
      "tech_ceo": 230.21775817871094,
      "therapist": 119.99244689941406
    },
    "specific_magnitudes": {
      "con_artist": 67.11344909667969,
      "drill_sergeant": 153.85560607910156,
      "farmer": 103.75067901611328,
      "kindergarten_teacher": 79.77609252929688,
      "politician": 65.8009033203125,
      "professor": 72.75657653808594,
      "street_hustler": 62.210693359375,
      "surgeon": 104.6284408569336,
      "tech_ceo": 87.9869384765625,
      "therapist": 52.01734161376953
    }
  },
  "honesty": {
    "variance_explained": 0.8294423695758719,
    "shared_magnitudes": {
      "con_artist": 79.40791320800781,
      "drill_sergeant": 59.57262420654297,
      "farmer": 79.88890075683594,
      "kindergarten_teacher": 94.60284423828125,
      "politician": 72.30996704101562,
      "professor": 104.60901641845703,
      "street_hustler": 71.0630111694336,
      "surgeon": 102.94495391845703,
      "tech_ceo": 78.38072204589844,
      "therapist": 75.95149230957031
    },
    "specific_magnitudes": {
      "con_artist": 36.717037200927734,
      "drill_sergeant": 24.53013038635254,
      "farmer": 31.890636444091797,
      "kindergarten_teacher": 40.77033615112305,
      "politician": 31.782306671142578,
      "professor": 44.92853546142578,
      "street_hustler": 26.66743278503418,
      "surgeon": 61.596397399902344,
      "tech_ceo": 29.265140533447266,
      "therapist": 33.94225311279297
    }
  },
  "impulsivity": {
    "variance_explained": 0.8317277528149687,
    "shared_magnitudes": {
      "con_artist": 97.08477020263672,
      "drill_sergeant": 115.97156524658203,
      "farmer": 126.45087432861328,
      "kindergarten_teacher": 119.05184936523438,
      "politician": 73.73851013183594,
      "professor": 104.39053344726562,
      "street_hustler": 104.48524475097656,
      "surgeon": 249.00404357910156,
      "tech_ceo": 144.66087341308594,
      "therapist": 100.7086181640625
    },
    "specific_magnitudes": {
      "con_artist": 48.36735153198242,
      "drill_sergeant": 65.67253112792969,
      "farmer": 38.239261627197266,
      "kindergarten_teacher": 44.682186126708984,
      "politician": 32.58434295654297,
      "professor": 47.96513366699219,
      "street_hustler": 38.51432418823242,
      "surgeon": 94.76116943359375,
      "tech_ceo": 75.260009765625,
      "therapist": 73.98307800292969
    }
  },
  "risk_taking": {
    "variance_explained": 0.5653996649217053,
    "shared_magnitudes": {
      "con_artist": 51.4785041809082,
      "drill_sergeant": 47.65707015991211,
      "farmer": 29.626632690429688,
      "kindergarten_teacher": 30.540401458740234,
      "politician": 60.058006286621094,
      "professor": 34.58289337158203,
      "street_hustler": 35.9350471496582,
      "surgeon": 74.29338073730469,
      "tech_ceo": 58.485862731933594,
      "therapist": 32.345943450927734
    },
    "specific_magnitudes": {
      "con_artist": 32.98025131225586,
      "drill_sergeant": 27.922283172607422,
      "farmer": 25.486083984375,
      "kindergarten_teacher": 39.424415588378906,
      "politician": 44.43938064575195,
      "professor": 19.443891525268555,
      "street_hustler": 19.50364875793457,
      "surgeon": 82.81761169433594,
      "tech_ceo": 56.64013671875,
      "therapist": 25.760047912597656
    }
  },
  "warmth": {
    "variance_explained": 0.8119610065857283,
    "shared_magnitudes": {
      "con_artist": 192.0015106201172,
      "drill_sergeant": 138.49575805664062,
      "farmer": 85.99256134033203,
      "kindergarten_teacher": 208.35484313964844,
      "politician": 145.95748901367188,
      "professor": 106.40416717529297,
      "street_hustler": 113.25647735595703,
      "surgeon": 218.3188018798828,
      "tech_ceo": 252.91351318359375,
      "therapist": 144.64895629882812
    },
    "specific_magnitudes": {
      "con_artist": 70.12001037597656,
      "drill_sergeant": 115.82298278808594,
      "farmer": 92.95982360839844,
      "kindergarten_teacher": 80.48885345458984,
      "politician": 58.35626983642578,
      "professor": 62.548133850097656,
      "street_hustler": 67.3819351196289,
      "surgeon": 82.21751403808594,
      "tech_ceo": 89.47945404052734,
      "therapist": 76.76506805419922
    }
  }
}