{
  "assertiveness": {
    "per_persona_cosine": {
      "con_artist": -0.291207879781723,
      "drill_sergeant": 0.1638602763414383,
      "farmer": 0.014007394202053547,
      "kindergarten_teacher": 0.23416075110435486,
      "politician": -0.24116836488246918,
      "professor": -0.012753050774335861,
      "street_hustler": 0.0003535310970619321,
      "surgeon": -0.029833929613232613,
      "tech_ceo": -0.2024996429681778,
      "therapist": 0.19305670261383057
    },
    "mean_abs_cosine": 0.13829015233786776
  },
  "confidence": {
    "per_persona_cosine": {
      "con_artist": -0.26552945375442505,
      "drill_sergeant": 0.2089308798313141,
      "farmer": 0.022540049627423286,
      "kindergarten_teacher": 0.05181514099240303,
      "politician": -0.09211628884077072,
      "professor": -0.1533038169145584,
      "street_hustler": 0.0602971650660038,
      "surgeon": -0.10268356651067734,
      "tech_ceo": 0.0755453035235405,
      "therapist": 0.014853280037641525
    },
    "mean_abs_cosine": 0.10476149450987578
  },
  "deference": {
    "per_persona_cosine": {
      "con_artist": 0.14513462781906128,
      "drill_sergeant": 0.09269145876169205,
      "farmer": 0.058715224266052246,
      "kindergarten_teacher": -0.2309156060218811,
      "politician": 0.0016019195318222046,
      "professor": 0.018816636875271797,
      "street_hustler": -0.30641594529151917,
      "surgeon": 0.20392271876335144,
      "tech_ceo": 0.3785450756549835,
      "therapist": -0.23445641994476318
    },
    "mean_abs_cosine": 0.1671215632930398
  },
  "empathy": {
    "per_persona_cosine": {
      "con_artist": -0.13924016058444977,
      "drill_sergeant": -0.1411932408809662,
      "farmer": -0.06628154963254929,
      "kindergarten_teacher": -0.031883399933576584,
      "politician": 0.0966857522726059,
      "professor": 0.15097594261169434,
      "street_hustler": -0.10024841129779816,
      "surgeon": 0.31314802169799805,
      "tech_ceo": 0.09688998013734818,
      "therapist": -0.17051206529140472
    },
    "mean_abs_cosine": 0.13070585243403912
  },
  "honesty": {
    "per_persona_cosine": {
      "con_artist": 0.2442692518234253,
      "drill_sergeant": 0.1963605433702469,
      "farmer": 0.08770018070936203,
      "kindergarten_teacher": -0.15261904895305634,
      "politician": -0.16889841854572296,
      "professor": -0.009943312965333462,
      "street_hustler": 0.018606821075081825,
      "surgeon": 0.07768219709396362,
      "tech_ceo": -0.28263238072395325,
      "therapist": -0.06145106628537178
    },
    "mean_abs_cosine": 0.13001632215455175
  },
  "impulsivity": {
    "per_persona_cosine": {
      "con_artist": -0.15171769261360168,
      "drill_sergeant": 0.13236519694328308,
      "farmer": 0.3498639762401581,
      "kindergarten_teacher": 0.06400240212678909,
      "politician": -0.06990787386894226,
      "professor": -0.029315536841750145,
      "street_hustler": -0.15988369286060333,
      "surgeon": 0.0858343094587326,
      "tech_ceo": -0.1622786670923233,
      "therapist": 0.03180576488375664
    },
    "mean_abs_cosine": 0.12369751129299403
  },
  "risk_taking": {
    "per_persona_cosine": {
      "con_artist": -0.18724901974201202,
      "drill_sergeant": 0.00651340838521719,
      "farmer": 0.19897304475307465,
      "kindergarten_teacher": 0.19692185521125793,
      "politician": 0.0667419359087944,
      "professor": -0.1654590666294098,
      "street_hustler": 0.04501427337527275,
      "surgeon": -0.08336823433637619,
      "tech_ceo": -0.2023148387670517,
      "therapist": 0.05619153380393982
    },
    "mean_abs_cosine": 0.12087472109124064
  },
  "warmth": {
    "per_persona_cosine": {
      "con_artist": -0.3856383264064789,
      "drill_sergeant": 0.08739613741636276,
      "farmer": -0.039456985890865326,
      "kindergarten_teacher": -0.18285135924816132,
      "politician": 0.07419446855783463,
      "professor": 0.06204867735505104,
      "street_hustler": 0.005070277489721775,
      "surgeon": 0.1872125267982483,
      "tech_ceo": 0.08041081577539444,
      "therapist": 0.035626161843538284
    },
    "mean_abs_cosine": 0.11399057367816567
  }
}