{
  "pretrain_1pct": {
    "assertiveness": 0.9569391183546618,
    "confidence": 0.9693084011350932,
    "deference": 0.9519691865871664,
    "empathy": 0.9550109201135594,
    "honesty": 0.9630263899429085,
    "impulsivity": 0.9536665991255733,
    "risk_taking": 0.9574281929118553,
    "warmth": 0.9474003405975129
  },
  "pretrain_10pct": {
    "assertiveness": 0.9742330303685022,
    "confidence": 0.9670380483448658,
    "deference": 0.9524799569788653,
    "empathy": 0.9509553150895319,
    "honesty": 0.9718256000785249,
    "impulsivity": 0.9733063708035246,
    "risk_taking": 0.978470704486791,
    "warmth": 0.952324639959889
  },
  "pretrain_50pct": {
    "assertiveness": 0.9756947176290617,
    "confidence": 0.9591892760294208,
    "deference": 0.9493785014292495,
    "empathy": 0.948966792148196,
    "honesty": 0.9701407695018509,
    "impulsivity": 0.9645929083540254,
    "risk_taking": 0.9753542980938367,
    "warmth": 0.9540349186951854
  },
  "base": {
    "assertiveness": 0.9787067051555252,
    "confidence": 0.9677575688226255,
    "deference": 0.9613960296650635,
    "empathy": 0.9586512287618693,
    "honesty": 0.9744951467081966,
    "impulsivity": 0.9657268974419281,
    "risk_taking": 0.9775053929986423,
    "warmth": 0.9635603515017508
  },
  "sft": {
    "assertiveness": 0.8935256578925233,
    "confidence": 0.8854512942684534,
    "deference": 0.8259539992859783,
    "empathy": 0.8403595011791759,
    "honesty": 0.85379863605942,
    "impulsivity": 0.7952221081026261,
    "risk_taking": 0.836029428377302,
    "warmth": 0.855430850249619
  },
  "dpo": {
    "assertiveness": 0.8870110979861817,
    "confidence": 0.875961854523871,
    "deference": 0.7974349980421801,
    "empathy": 0.8252143510267089,
    "honesty": 0.8521501395548399,
    "impulsivity": 0.7759154491069863,
    "risk_taking": 0.81779823106534,
    "warmth": 0.8378263327321318
  },
  "instruct": {
    "assertiveness": 0.8816359383837536,
    "confidence": 0.871137715858323,
    "deference": 0.7871756871611363,
    "empathy": 0.8173817968273956,
    "honesty": 0.8464226364574802,
    "impulsivity": 0.7606787103450741,
    "risk_taking": 0.8090730816238478,
    "warmth": 0.8295485820677593
  }
}