{
  "assertiveness": {
    "mean_cosine": -0.06886221896857023,
    "mean_abs_cosine": 0.07889617886394262,
    "std_cosine": 0.06372611764732188
  },
  "confidence": {
    "mean_cosine": -0.1076265743933618,
    "mean_abs_cosine": 0.1086938445456326,
    "std_cosine": 0.06585908088278723
  },
  "deference": {
    "mean_cosine": 0.02153564542531967,
    "mean_abs_cosine": 0.09549315124750138,
    "std_cosine": 0.10742311549915765
  },
  "empathy": {
    "mean_cosine": -0.06662850111024454,
    "mean_abs_cosine": 0.06909277933882549,
    "std_cosine": 0.047836905645213326
  },
  "honesty": {
    "mean_cosine": 0.3121096059679985,
    "mean_abs_cosine": 0.3121096059679985,
    "std_cosine": 0.06608943186014796
  },
  "impulsivity": {
    "mean_cosine": -0.18859888240695,
    "mean_abs_cosine": 0.18859888240695,
    "std_cosine": 0.06066973013757956
  },
  "risk_taking": {
    "mean_cosine": -0.22677763402462006,
    "mean_abs_cosine": 0.22677763402462006,
    "std_cosine": 0.11476721039166728
  },
  "warmth": {
    "mean_cosine": -0.09772505946457385,
    "mean_abs_cosine": 0.11113003976643085,
    "std_cosine": 0.07784530694617442
  }
}