{
  "assertiveness": {
    "variance_explained": 0.922119016792447,
    "shared_magnitudes": {
      "con_artist": 799.1903686523438,
      "drill_sergeant": 805.079345703125,
      "farmer": 684.1873779296875,
      "kindergarten_teacher": 832.6766967773438,
      "politician": 976.052978515625,
      "professor": 860.2604370117188,
      "street_hustler": 746.187744140625,
      "surgeon": 859.0728759765625,
      "tech_ceo": 989.5809326171875,
      "therapist": 884.9183349609375
    },
    "specific_magnitudes": {
      "con_artist": 264.7629089355469,
      "drill_sergeant": 232.04156494140625,
      "farmer": 206.63607788085938,
      "kindergarten_teacher": 205.3448944091797,
      "politician": 342.93402099609375,
      "professor": 248.72360229492188,
      "street_hustler": 219.78839111328125,
      "surgeon": 194.1923828125,
      "tech_ceo": 217.24407958984375,
      "therapist": 294.0428161621094
    }
  },
  "confidence": {
    "variance_explained": 0.8812896618632372,
    "shared_magnitudes": {
      "con_artist": 751.8394775390625,
      "drill_sergeant": 485.67352294921875,
      "farmer": 608.0292358398438,
      "kindergarten_teacher": 606.5831298828125,
      "politician": 512.69091796875,
      "professor": 562.4907836914062,
      "street_hustler": 583.79248046875,
      "surgeon": 686.5684204101562,
      "tech_ceo": 651.8938598632812,
      "therapist": 853.9116821289062
    },
    "specific_magnitudes": {
      "con_artist": 189.0792999267578,
      "drill_sergeant": 202.7105712890625,
      "farmer": 184.52293395996094,
      "kindergarten_teacher": 258.0440368652344,
      "politician": 261.0148010253906,
      "professor": 229.9926300048828,
      "street_hustler": 135.37530517578125,
      "surgeon": 181.58151245117188,
      "tech_ceo": 159.93382263183594,
      "therapist": 418.0720520019531
    }
  },
  "deference": {
    "variance_explained": 0.8665398784458607,
    "shared_magnitudes": {
      "con_artist": 372.82464599609375,
      "drill_sergeant": 406.2742004394531,
      "farmer": 440.62030029296875,
      "kindergarten_teacher": 388.168701171875,
      "politician": 347.52020263671875,
      "professor": 473.2882385253906,
      "street_hustler": 452.846923828125,
      "surgeon": 459.0657958984375,
      "tech_ceo": 550.343017578125,
      "therapist": 479.8504333496094
    },
    "specific_magnitudes": {
      "con_artist": 239.0274658203125,
      "drill_sergeant": 116.5957260131836,
      "farmer": 128.2174835205078,
      "kindergarten_teacher": 196.29124450683594,
      "politician": 175.76612854003906,
      "professor": 184.25978088378906,
      "street_hustler": 135.2474365234375,
      "surgeon": 144.3764190673828,
      "tech_ceo": 200.03616333007812,
      "therapist": 171.7375946044922
    }
  },
  "empathy": {
    "variance_explained": 0.8144816541722864,
    "shared_magnitudes": {
      "con_artist": 875.0257568359375,
      "drill_sergeant": 620.5725708007812,
      "farmer": 563.3411865234375,
      "kindergarten_teacher": 1067.0999755859375,
      "politician": 445.69512939453125,
      "professor": 552.3433837890625,
      "street_hustler": 606.3851318359375,
      "surgeon": 822.3629150390625,
      "tech_ceo": 1049.465576171875,
      "therapist": 633.2689208984375
    },
    "specific_magnitudes": {
      "con_artist": 248.19871520996094,
      "drill_sergeant": 546.989501953125,
      "farmer": 326.4102478027344,
      "kindergarten_teacher": 433.6245422363281,
      "politician": 322.3412780761719,
      "professor": 403.80169677734375,
      "street_hustler": 319.366943359375,
      "surgeon": 314.2015075683594,
      "tech_ceo": 324.2744445800781,
      "therapist": 245.57301330566406
    }
  },
  "honesty": {
    "variance_explained": 0.9444948899103188,
    "shared_magnitudes": {
      "con_artist": 878.4414672851562,
      "drill_sergeant": 539.8151245117188,
      "farmer": 656.37744140625,
      "kindergarten_teacher": 765.0948486328125,
      "politician": 574.6074829101562,
      "professor": 884.0428466796875,
      "street_hustler": 679.9232177734375,
      "surgeon": 937.6065673828125,
      "tech_ceo": 682.9746704101562,
      "therapist": 776.543701171875
    },
    "specific_magnitudes": {
      "con_artist": 172.9140167236328,
      "drill_sergeant": 149.28826904296875,
      "farmer": 129.380859375,
      "kindergarten_teacher": 180.05142211914062,
      "politician": 143.88833618164062,
      "professor": 182.7083282470703,
      "street_hustler": 129.72117614746094,
      "surgeon": 242.07644653320312,
      "tech_ceo": 148.70689392089844,
      "therapist": 276.102294921875
    }
  },
  "impulsivity": {
    "variance_explained": 0.7388333773929812,
    "shared_magnitudes": {
      "con_artist": 565.6727294921875,
      "drill_sergeant": 419.85546875,
      "farmer": 484.15814208984375,
      "kindergarten_teacher": 392.69793701171875,
      "politician": 299.8941345214844,
      "professor": 316.2717590332031,
      "street_hustler": 518.0833129882812,
      "surgeon": 735.2675170898438,
      "tech_ceo": 613.1076049804688,
      "therapist": 416.5377197265625
    },
    "specific_magnitudes": {
      "con_artist": 433.9369201660156,
      "drill_sergeant": 281.49859619140625,
      "farmer": 169.23846435546875,
      "kindergarten_teacher": 167.2579345703125,
      "politician": 136.2281036376953,
      "professor": 177.0548553466797,
      "street_hustler": 186.04959106445312,
      "surgeon": 522.555419921875,
      "tech_ceo": 260.0217590332031,
      "therapist": 332.8282470703125
    }
  },
  "risk_taking": {
    "variance_explained": 0.7254270659081268,
    "shared_magnitudes": {
      "con_artist": 392.0596618652344,
      "drill_sergeant": 335.97637939453125,
      "farmer": 259.996337890625,
      "kindergarten_teacher": 258.1546630859375,
      "politician": 368.055908203125,
      "professor": 233.99046325683594,
      "street_hustler": 354.4599609375,
      "surgeon": 304.201416015625,
      "tech_ceo": 382.70306396484375,
      "therapist": 226.142822265625
    },
    "specific_magnitudes": {
      "con_artist": 216.36476135253906,
      "drill_sergeant": 136.62306213378906,
      "farmer": 122.5628890991211,
      "kindergarten_teacher": 138.37942504882812,
      "politician": 188.95880126953125,
      "professor": 143.30484008789062,
      "street_hustler": 104.1517333984375,
      "surgeon": 281.87359619140625,
      "tech_ceo": 349.1137390136719,
      "therapist": 114.06855010986328
    }
  },
  "warmth": {
    "variance_explained": 0.8445912197495423,
    "shared_magnitudes": {
      "con_artist": 890.51904296875,
      "drill_sergeant": 465.95263671875,
      "farmer": 528.2945556640625,
      "kindergarten_teacher": 961.2625732421875,
      "politician": 588.993408203125,
      "professor": 554.8138427734375,
      "street_hustler": 617.6657104492188,
      "surgeon": 894.9521484375,
      "tech_ceo": 1010.0746459960938,
      "therapist": 773.117431640625
    },
    "specific_magnitudes": {
      "con_artist": 250.02243041992188,
      "drill_sergeant": 524.1344604492188,
      "farmer": 295.056396484375,
      "kindergarten_teacher": 358.2567443847656,
      "politician": 242.30227661132812,
      "professor": 278.2253723144531,
      "street_hustler": 236.10780334472656,
      "surgeon": 250.80751037597656,
      "tech_ceo": 315.5164794921875,
      "therapist": 368.8560791015625
    }
  }
}