{
  "layer": 22,
  "personas": [
    "farmer",
    "politician",
    "therapist",
    "drill_sergeant",
    "street_hustler",
    "professor",
    "tech_ceo",
    "kindergarten_teacher",
    "surgeon",
    "con_artist"
  ],
  "traits": [
    "assertiveness",
    "empathy",
    "risk_taking",
    "honesty",
    "confidence",
    "deference",
    "warmth",
    "impulsivity"
  ],
  "bound_analysis": {
    "n_pairs": 360,
    "n_tight_bound": 0,
    "frac_tight": 0.0,
    "mean_gap": 6.1394963018613335,
    "mean_bound": -5.324037145079899,
    "mean_actual_cosine": 0.815459156781435
  },
  "trait_distances": {
    "assertiveness": {
      "mean_delta_pos": 1130.6546264648437,
      "mean_delta_neg": 1171.0763563368055,
      "std_delta_pos": 302.999800282959,
      "std_delta_neg": 300.0502406556648,
      "pos_neg_correlation": 0.8808044158621772,
      "pos_neg_corr_pvalue": 1.489484080560309e-15
    },
    "empathy": {
      "mean_delta_pos": 1236.5370659722223,
      "mean_delta_neg": 1350.3025499131945,
      "std_delta_pos": 376.99033424103976,
      "std_delta_neg": 375.75370257521854,
      "pos_neg_correlation": 0.8471619565405947,
      "pos_neg_corr_pvalue": 2.1969874896993966e-13
    },
    "risk_taking": {
      "mean_delta_pos": 1365.9151394314235,
      "mean_delta_neg": 1307.7659071180556,
      "std_delta_pos": 368.797856517037,
      "std_delta_neg": 350.23254722925395,
      "pos_neg_correlation": 0.9569232683778846,
      "pos_neg_corr_pvalue": 1.01385405834271e-24
    },
    "honesty": {
      "mean_delta_pos": 1170.321009657118,
      "mean_delta_neg": 1124.2840087890625,
      "std_delta_pos": 302.8559405443474,
      "std_delta_neg": 233.01476030462945,
      "pos_neg_correlation": 0.9385860401706008,
      "pos_neg_corr_pvalue": 1.7281593384771597e-21
    },
    "confidence": {
      "mean_delta_pos": 1155.3263549804688,
      "mean_delta_neg": 1218.716259765625,
      "std_delta_pos": 273.55369515339623,
      "std_delta_neg": 331.8107846877099,
      "pos_neg_correlation": 0.9419404390310538,
      "pos_neg_corr_pvalue": 5.3431442496902695e-22
    },
    "deference": {
      "mean_delta_pos": 1244.084033203125,
      "mean_delta_neg": 1218.235706922743,
      "std_delta_pos": 331.91563902900026,
      "std_delta_neg": 320.01034698949104,
      "pos_neg_correlation": 0.9565909174151119,
      "pos_neg_corr_pvalue": 1.192057434003629e-24
    },
    "warmth": {
      "mean_delta_pos": 1201.7389770507812,
      "mean_delta_neg": 1351.3071695963542,
      "std_delta_pos": 376.7315503461973,
      "std_delta_neg": 326.8847921538376,
      "pos_neg_correlation": 0.8179156842786621,
      "pos_neg_corr_pvalue": 6.95041876279196e-12
    },
    "impulsivity": {
      "mean_delta_pos": 1518.7302151150175,
      "mean_delta_neg": 1364.7437934027778,
      "std_delta_pos": 371.52127154058036,
      "std_delta_neg": 389.7718919806434,
      "pos_neg_correlation": 0.9119630453756125,
      "pos_neg_corr_pvalue": 3.040030026142442e-18
    }
  }
}