{
  "assertiveness": {
    "per_persona_cosine": {
      "con_artist": 0.12094289064407349,
      "drill_sergeant": -0.09832989424467087,
      "farmer": -0.12194395065307617,
      "kindergarten_teacher": 0.10096456855535507,
      "politician": -0.14253485202789307,
      "professor": -0.1441088318824768,
      "street_hustler": 0.1841372400522232,
      "surgeon": -0.10622812807559967,
      "tech_ceo": -0.16853484511375427,
      "therapist": 0.14827683568000793
    },
    "mean_abs_cosine": 0.13360020369291306
  },
  "confidence": {
    "per_persona_cosine": {
      "con_artist": 0.07239207625389099,
      "drill_sergeant": 0.026498889550566673,
      "farmer": -0.06061827018857002,
      "kindergarten_teacher": 0.14353269338607788,
      "politician": -0.042540811002254486,
      "professor": 0.03697916120290756,
      "street_hustler": -0.17251649498939514,
      "surgeon": -0.08597664535045624,
      "tech_ceo": -0.08765386790037155,
      "therapist": 0.10515071451663971
    },
    "mean_abs_cosine": 0.08338596243411303
  },
  "deference": {
    "per_persona_cosine": {
      "con_artist": 0.03714511916041374,
      "drill_sergeant": 0.0964641198515892,
      "farmer": -0.10117347538471222,
      "kindergarten_teacher": 0.19346676766872406,
      "politician": -0.012476715259253979,
      "professor": -0.3604555130004883,
      "street_hustler": -0.08937809616327286,
      "surgeon": -0.12485624849796295,
      "tech_ceo": 0.05084206536412239,
      "therapist": 0.048081520944833755
    },
    "mean_abs_cosine": 0.11143396412953735
  },
  "empathy": {
    "per_persona_cosine": {
      "con_artist": -0.007035820744931698,
      "drill_sergeant": 0.13552749156951904,
      "farmer": -0.03555981069803238,
      "kindergarten_teacher": 0.15032541751861572,
      "politician": -0.1669565737247467,
      "professor": -0.17015035450458527,
      "street_hustler": -0.30213746428489685,
      "surgeon": -0.11720053106546402,
      "tech_ceo": 0.0562756285071373,
      "therapist": 0.10021837800741196
    },
    "mean_abs_cosine": 0.1241387470625341
  },
  "honesty": {
    "per_persona_cosine": {
      "con_artist": 0.004236889071762562,
      "drill_sergeant": 0.17057934403419495,
      "farmer": -0.12689153850078583,
      "kindergarten_teacher": -0.0699574425816536,
      "politician": 0.04183564707636833,
      "professor": -0.012195049785077572,
      "street_hustler": 0.10824553668498993,
      "surgeon": -0.26570209860801697,
      "tech_ceo": 0.22653087973594666,
      "therapist": -0.057987816631793976
    },
    "mean_abs_cosine": 0.10841622427105904
  },
  "impulsivity": {
    "per_persona_cosine": {
      "con_artist": 0.3053668439388275,
      "drill_sergeant": -0.0034376552794128656,
      "farmer": -0.04894881695508957,
      "kindergarten_teacher": -0.16726231575012207,
      "politician": 0.035525210201740265,
      "professor": -0.007824614644050598,
      "street_hustler": 0.1900022327899933,
      "surgeon": -0.0013888046378269792,
      "tech_ceo": -0.020901918411254883,
      "therapist": -0.08228547871112823
    },
    "mean_abs_cosine": 0.08629438913194462
  },
  "risk_taking": {
    "per_persona_cosine": {
      "con_artist": 0.25237542390823364,
      "drill_sergeant": 0.09135688841342926,
      "farmer": -0.14340458810329437,
      "kindergarten_teacher": -0.2088702768087387,
      "politician": 0.07639187574386597,
      "professor": -0.03847390040755272,
      "street_hustler": 0.19956199824810028,
      "surgeon": -0.0925755426287651,
      "tech_ceo": 0.031053762882947922,
      "therapist": -0.12397177517414093
    },
    "mean_abs_cosine": 0.1258036032319069
  },
  "warmth": {
    "per_persona_cosine": {
      "con_artist": -0.06591927260160446,
      "drill_sergeant": 0.1412205547094345,
      "farmer": -0.012089862488210201,
      "kindergarten_teacher": 0.09243782609701157,
      "politician": -0.1422213762998581,
      "professor": 0.009334343485534191,
      "street_hustler": -0.19836251437664032,
      "surgeon": -0.0636843889951706,
      "tech_ceo": 0.016803720965981483,
      "therapist": -0.02017165906727314
    },
    "mean_abs_cosine": 0.07622455190867186
  }
}