{
  "assertiveness": {
    "variance_explained": 0.8847170376941215,
    "shared_magnitudes": {
      "con_artist": 1020.4057006835938,
      "drill_sergeant": 936.774169921875,
      "farmer": 862.0706176757812,
      "kindergarten_teacher": 996.6124877929688,
      "politician": 1216.6787109375,
      "professor": 958.9517822265625,
      "street_hustler": 955.8897705078125,
      "surgeon": 1019.04052734375,
      "tech_ceo": 1178.7769775390625,
      "therapist": 1013.2698364257812
    },
    "specific_magnitudes": {
      "con_artist": 403.90460205078125,
      "drill_sergeant": 361.0736999511719,
      "farmer": 290.3852844238281,
      "kindergarten_teacher": 313.0682678222656,
      "politician": 531.4627075195312,
      "professor": 354.73065185546875,
      "street_hustler": 313.16961669921875,
      "surgeon": 247.2146453857422,
      "tech_ceo": 334.5473937988281,
      "therapist": 450.5259094238281
    }
  },
  "confidence": {
    "variance_explained": 0.863581343655283,
    "shared_magnitudes": {
      "con_artist": 990.5046997070312,
      "drill_sergeant": 627.8641357421875,
      "farmer": 788.1917724609375,
      "kindergarten_teacher": 758.1401977539062,
      "politician": 658.685546875,
      "professor": 729.3153686523438,
      "street_hustler": 751.006591796875,
      "surgeon": 892.6519165039062,
      "tech_ceo": 812.6643676757812,
      "therapist": 1001.6246337890625
    },
    "specific_magnitudes": {
      "con_artist": 282.40576171875,
      "drill_sergeant": 276.3891296386719,
      "farmer": 258.39508056640625,
      "kindergarten_teacher": 328.90045166015625,
      "politician": 354.6741638183594,
      "professor": 320.6889953613281,
      "street_hustler": 216.92491149902344,
      "surgeon": 254.83021545410156,
      "tech_ceo": 248.3502197265625,
      "therapist": 550.5758056640625
    }
  },
  "deference": {
    "variance_explained": 0.8386419276219212,
    "shared_magnitudes": {
      "con_artist": 550.5921630859375,
      "drill_sergeant": 528.0345458984375,
      "farmer": 543.0617065429688,
      "kindergarten_teacher": 500.95440673828125,
      "politician": 478.3597106933594,
      "professor": 566.637939453125,
      "street_hustler": 557.9686889648438,
      "surgeon": 553.6980590820312,
      "tech_ceo": 708.328369140625,
      "therapist": 577.017822265625
    },
    "specific_magnitudes": {
      "con_artist": 355.1149597167969,
      "drill_sergeant": 194.71104431152344,
      "farmer": 175.1898651123047,
      "kindergarten_teacher": 262.0190124511719,
      "politician": 246.0650634765625,
      "professor": 245.46188354492188,
      "street_hustler": 187.23141479492188,
      "surgeon": 191.91091918945312,
      "tech_ceo": 294.0286560058594,
      "therapist": 244.51625061035156
    }
  },
  "empathy": {
    "variance_explained": 0.8380275804937607,
    "shared_magnitudes": {
      "con_artist": 1284.0872802734375,
      "drill_sergeant": 1022.2518310546875,
      "farmer": 893.9432373046875,
      "kindergarten_teacher": 1563.718017578125,
      "politician": 726.4063720703125,
      "professor": 826.85107421875,
      "street_hustler": 963.941162109375,
      "surgeon": 1186.2652587890625,
      "tech_ceo": 1448.637451171875,
      "therapist": 1056.2825927734375
    },
    "specific_magnitudes": {
      "con_artist": 385.08599853515625,
      "drill_sergeant": 705.4489135742188,
      "farmer": 455.05902099609375,
      "kindergarten_teacher": 622.8314819335938,
      "politician": 466.7903137207031,
      "professor": 468.7135009765625,
      "street_hustler": 452.4539794921875,
      "surgeon": 447.8257141113281,
      "tech_ceo": 410.6869201660156,
      "therapist": 449.6965637207031
    }
  },
  "honesty": {
    "variance_explained": 0.9276160133564716,
    "shared_magnitudes": {
      "con_artist": 1077.242919921875,
      "drill_sergeant": 710.7150268554688,
      "farmer": 876.2076416015625,
      "kindergarten_teacher": 1003.9649658203125,
      "politician": 697.7210693359375,
      "professor": 1175.153076171875,
      "street_hustler": 887.382568359375,
      "surgeon": 1349.26904296875,
      "tech_ceo": 853.067138671875,
      "therapist": 978.8319702148438
    },
    "specific_magnitudes": {
      "con_artist": 245.69418334960938,
      "drill_sergeant": 213.5176239013672,
      "farmer": 196.6328582763672,
      "kindergarten_teacher": 324.7750549316406,
      "politician": 211.5809326171875,
      "professor": 281.052734375,
      "street_hustler": 205.83444213867188,
      "surgeon": 366.139404296875,
      "tech_ceo": 238.4460906982422,
      "therapist": 377.0880126953125
    }
  },
  "impulsivity": {
    "variance_explained": 0.7518581289177891,
    "shared_magnitudes": {
      "con_artist": 823.778076171875,
      "drill_sergeant": 560.7620849609375,
      "farmer": 668.6331787109375,
      "kindergarten_teacher": 567.2364501953125,
      "politician": 436.44451904296875,
      "professor": 502.50225830078125,
      "street_hustler": 699.3404541015625,
      "surgeon": 979.9632568359375,
      "tech_ceo": 827.99658203125,
      "therapist": 595.6214599609375
    },
    "specific_magnitudes": {
      "con_artist": 549.0413818359375,
      "drill_sergeant": 384.2594909667969,
      "farmer": 225.6322479248047,
      "kindergarten_teacher": 258.2817687988281,
      "politician": 202.99920654296875,
      "professor": 267.0836486816406,
      "street_hustler": 233.47276306152344,
      "surgeon": 654.5053100585938,
      "tech_ceo": 386.04156494140625,
      "therapist": 488.0908508300781
    }
  },
  "risk_taking": {
    "variance_explained": 0.7286320623911183,
    "shared_magnitudes": {
      "con_artist": 553.8895263671875,
      "drill_sergeant": 452.14007568359375,
      "farmer": 356.2093811035156,
      "kindergarten_teacher": 349.7237854003906,
      "politician": 549.43359375,
      "professor": 309.13494873046875,
      "street_hustler": 500.07122802734375,
      "surgeon": 392.451171875,
      "tech_ceo": 563.924072265625,
      "therapist": 285.3858947753906
    },
    "specific_magnitudes": {
      "con_artist": 287.87255859375,
      "drill_sergeant": 217.88107299804688,
      "farmer": 194.476318359375,
      "kindergarten_teacher": 197.42657470703125,
      "politician": 270.3805236816406,
      "professor": 182.10145568847656,
      "street_hustler": 170.9632568359375,
      "surgeon": 364.1452941894531,
      "tech_ceo": 475.9216003417969,
      "therapist": 169.57469177246094
    }
  },
  "warmth": {
    "variance_explained": 0.8508817554603086,
    "shared_magnitudes": {
      "con_artist": 1302.6865234375,
      "drill_sergeant": 856.4610595703125,
      "farmer": 781.4711303710938,
      "kindergarten_teacher": 1423.837158203125,
      "politician": 840.1918334960938,
      "professor": 762.6823120117188,
      "street_hustler": 954.34228515625,
      "surgeon": 1277.9122314453125,
      "tech_ceo": 1435.5789794921875,
      "therapist": 1101.3447265625
    },
    "specific_magnitudes": {
      "con_artist": 380.6280517578125,
      "drill_sergeant": 715.9740600585938,
      "farmer": 438.8858337402344,
      "kindergarten_teacher": 558.8309326171875,
      "politician": 366.55462646484375,
      "professor": 348.1109619140625,
      "street_hustler": 375.7066345214844,
      "surgeon": 376.3343200683594,
      "tech_ceo": 445.1440734863281,
      "therapist": 484.34698486328125
    }
  }
}